ID,prediction
0,1
1,0
2,0
3,0
4,0
5,1
6,0
7,1
8,0
9,1
10,0
11,0
12,1
13,1
14,0
15,1
16,1
17,0
18,0
19,0
20,1
21,1
22,0
23,1
24,0
25,0
26,0
27,0
28,1
29,1
30,0
31,1
32,1
33,0
34,0
35,1
36,0
37,0
38,0
39,1
40,0
41,1
42,0
43,0
44,0
45,1
46,0
47,0
48,0
49,0
50,1
51,0
52,0
53,1
54,1
55,1
56,0
57,0
58,1
59,1
60,0
61,0
62,0
63,1
64,1
65,1
66,0
67,0
68,0
69,0
70,0
71,0
72,1
73,0
74,0
75,0
76,0
77,1
78,0
79,0
80,1
81,0
82,0
83,0
84,0
85,0
86,1
87,0
88,0
89,0
90,0
91,1
92,0
93,1
94,1
95,0
96,0
97,0
98,1
99,1
100,0
101,1
102,0
103,0
104,0
105,0
106,1
107,0
108,0
109,0
110,1
111,1
112,0
113,0
114,0
115,0
116,0
117,1
118,0
119,0
120,1
121,0
122,1
123,1
124,0
125,0
126,0
127,0
128,0
129,1
130,0
131,0
132,1
133,1
134,1
135,0
136,1
137,0
138,1
139,0
140,0
141,1
142,1
143,0
144,1
145,0
146,1
147,0
148,1
149,0
150,1
151,0
152,1
153,1
154,0
155,0
156,0
157,1
158,1
159,0
160,0
161,1
162,0
163,0
164,1
165,0
166,1
167,0
168,0
169,1
170,1
171,0
172,1
173,0
174,0
175,1
176,1
177,0
178,1
179,0
180,1
181,1
182,0
183,0
184,1
185,1
186,0
187,0
188,0
189,0
190,1
191,0
192,0
193,0
194,0
195,1
196,1
197,0
198,1
199,0
200,1
201,0
202,0
203,0
204,1
205,1
206,0
207,0
208,0
209,0
210,0
211,0
212,0
213,1
214,0
215,0
216,1
217,0
218,1
219,1
220,0
221,0
222,0
223,1
224,0
225,1
226,0
227,0
228,1
229,1
230,1
231,0
232,0
233,0
234,1
235,1
236,0
237,0
238,1
239,1
240,1
241,0
242,0
243,0
244,0
245,1
246,0
247,0
248,0
249,1
250,1
251,0
252,0
253,1
254,1
255,0
256,0
257,1
258,1
259,1
260,1
261,0
262,1
263,0
264,0
265,0
266,0
267,1
268,0
269,0
270,0
271,1
272,0
273,0
274,1
275,0
276,0
277,0
278,0
279,0
280,1
281,1
282,0
283,0
284,0
285,1
286,0
287,1
288,0
289,1
290,0
291,0
292,0
293,0
294,1
295,0
296,1
297,1
298,0
299,0
300,1
301,0
302,1
303,1
304,0
305,0
306,0
307,1
308,1
309,0
310,1
311,1
312,1
313,1
314,0
315,1
316,0
317,0
318,0
319,0
320,1
321,0
322,0
323,1
324,1
325,1
326,1
327,0
328,0
329,0
330,1
331,0
332,1
333,0
334,1
335,0
336,1
337,0
338,1
339,1
340,0
341,0
342,0
343,0
344,0
345,0
346,1
347,0
348,0
349,1
350,0
351,0
352,0
353,1
354,0
355,1
356,0
357,1
358,1
359,0
360,0
361,0
362,1
363,0
364,1
365,0
366,0
367,1
368,0
369,0
370,0
371,1
372,0
373,0
374,0
375,1
376,0
377,0
378,0
379,0
380,0
381,1
382,0
383,1
384,0
385,1
386,1
387,1
388,0
389,1
390,1
391,1
392,0
393,1
394,0
395,1
396,0
397,0
398,0
399,1
400,0
401,1
402,0
403,0
404,0
405,1
406,0
407,1
408,1
409,0
410,1
411,0
412,1
413,1
414,1
415,0
416,1
417,1
418,0
419,0
420,0
421,0
422,0
423,0
424,0
425,0
426,0
427,0
428,0
429,1
430,1
431,1
432,0
433,0
434,0
435,0
436,0
437,0
438,0
439,1
440,1
441,1
442,1
443,1
444,0
445,0
446,0
447,1
448,1
449,0
450,0
451,0
452,0
453,1
454,1
455,0
456,0
457,0
458,1
459,0
460,0
461,1
462,0
463,1
464,0
465,0
466,0
467,1
468,0
469,0
470,0
471,1
472,1
473,0
474,1
475,0
476,0
477,1
478,0
479,0
480,1
481,0
482,1
483,0
484,0
485,1
486,0
487,0
488,1
489,0
490,0
491,1
492,1
493,1
494,1
495,0
496,1
497,0
498,1
499,0
500,0
501,1
502,1
503,0
504,0
505,0
506,0
507,1
508,1
509,0
510,1
511,0
512,1
513,1
514,0
515,0
516,0
517,0
518,0
519,0
520,0
521,0
522,0
523,0
524,0
525,0
526,1
527,0
528,0
529,0
530,0
531,0
532,0
533,0
534,0
535,0
536,1
537,1
538,0
539,0
540,1
541,0
542,1
543,0
544,0
545,0
546,1
547,1
548,0
549,0
550,0
551,0
552,1
553,1
554,1
555,0
556,1
557,1
558,0
559,1
560,0
561,0
562,0
563,0
564,0
565,1
566,0
567,0
568,0
569,0
570,1
571,0
572,1
573,1
574,0
575,1
576,0
577,1
578,0
579,0
580,1
581,0
582,0
583,0
584,0
585,1
586,1
587,0
588,0
589,0
590,0
591,1
592,0
593,1
594,1
595,0
596,1
597,0
598,0
599,1
600,1
601,0
602,0
603,0
604,0
605,0
606,1
607,1
608,0
609,1
610,1
611,1
612,0
613,1
614,1
615,1
616,0
617,0
618,0
619,0
620,1
621,0
622,1
623,1
624,0
625,1
626,1
627,0
628,0
629,1
630,0
631,0
632,1
633,1
634,0
635,1
636,0
637,0
638,1
639,1
640,0
641,1
642,0
643,1
644,1
645,0
646,0
647,1
648,0
649,0
650,0
651,0
652,0
653,0
654,0
655,0
656,0
657,0
658,0
659,0
660,0
661,1
662,1
663,0
664,0
665,0
666,0
667,0
668,0
669,0
670,0
671,1
672,0
673,1
674,0
675,0
676,1
677,1
678,1
679,0
680,0
681,0
682,0
683,0
684,0
685,0
686,0
687,0
688,0
689,0
690,0
691,1
692,0
693,0
694,1
695,1
696,0
697,0
698,0
699,0
700,0
701,0
702,1
703,1
704,0
705,0
706,0
707,0
708,0
709,0
710,0
711,1
712,0
713,0
714,0
715,1
716,1
717,0
718,0
719,0
720,1
721,1
722,0
723,0
724,0
725,0
726,0
727,1
728,0
729,1
730,1
731,1
732,0
733,1
734,0
735,1
736,0
737,0
738,1
739,1
740,1
741,1
742,0
743,0
744,0
745,0
746,0
747,0
748,1
749,0
750,1
751,0
752,1
753,1
754,0
755,0
756,1
757,0
758,0
759,1
760,1
761,1
762,1
763,0
764,0
765,0
766,1
767,0
768,0
769,0
770,0
771,0
772,1
773,0
774,0
775,1
776,1
777,0
778,0
779,0
780,0
781,0
782,1
783,0
784,0
785,0
786,0
787,0
788,0
789,0
790,0
791,1
792,1
793,0
794,1
795,0
796,1
797,0
798,1
799,0
800,0
801,1
802,0
803,0
804,0
805,0
806,1
807,0
808,1
809,0
810,0
811,1
812,1
813,0
814,0
815,1
816,1
817,0
818,1
819,0
820,0
821,0
822,0
823,0
824,0
825,0
826,0
827,0
828,1
829,1
830,0
831,1
832,1
833,1
834,0
835,0
836,0
837,1
838,0
839,0
840,1
841,0
842,0
843,0
844,0
845,1
846,0
847,0
848,0
849,1
850,1
851,1
852,0
853,0
854,0
855,1
856,1
857,0
858,1
859,0
860,1
861,1
862,0
863,0
864,1
865,0
866,1
867,1
868,1
869,0
870,1
871,0
872,1
873,1
874,0
875,0
876,0
877,0
878,0
879,1
880,0
881,0
882,0
883,0
884,1
885,0
886,0
887,0
888,0
889,1
890,0
891,0
892,1
893,1
894,0
895,1
896,1
897,1
898,1
899,0
900,0
901,0
902,0
903,0
904,0
905,0
906,1
907,1
908,0
909,1
910,1
911,0
912,0
913,1
914,1
915,0
916,0
917,1
918,0
919,1
920,1
921,0
922,1
923,1
924,1
925,0
926,0
927,1
928,0
929,0
930,0
931,1
932,0
933,0
934,1
935,1
936,1
937,0
938,0
939,1
940,1
941,1
942,0
943,0
944,0
945,0
946,1
947,0
948,0
949,0
950,0
951,0
952,0
953,1
954,0
955,1
956,0
957,0
958,0
959,1
960,0
961,0
962,1
963,0
964,0
965,1
966,0
967,0
968,0
969,1
970,0
971,0
972,1
973,0
974,0
975,0
976,0
977,0
978,0
979,0
980,0
981,0
982,0
983,0
984,0
985,0
986,0
987,0
988,1
989,0
990,1
991,0
992,1
993,0
994,0
995,1
996,0
997,0
998,0
999,0
1000,0
1001,0
1002,0
1003,0
1004,0
1005,0
1006,1
1007,1
1008,0
1009,0
1010,0
1011,1
1012,0
1013,0
1014,0
1015,1
1016,0
1017,0
1018,0
1019,1
1020,0
1021,0
1022,0
1023,0
1024,0
1025,1
1026,1
1027,1
1028,1
1029,0
1030,0
1031,1
1032,1
1033,1
1034,1
1035,0
1036,0
1037,0
1038,0
1039,0
1040,1
1041,1
1042,0
1043,1
1044,1
1045,1
1046,0
1047,0
1048,1
1049,1
1050,0
1051,0
1052,0
1053,0
1054,0
1055,0
1056,0
1057,0
1058,1
1059,0
1060,1
1061,0
1062,0
1063,0
1064,1
1065,0
1066,1
1067,1
1068,1
1069,0
1070,0
1071,0
1072,0
1073,1
1074,1
1075,0
1076,1
1077,1
1078,0
1079,1
1080,0
1081,0
1082,0
1083,0
1084,0
1085,1
1086,0
1087,0
1088,0
1089,1
1090,0
1091,0
1092,0
1093,0
1094,0
1095,0
1096,0
1097,0
1098,1
1099,0
1100,0
1101,0
1102,0
1103,0
1104,1
1105,0
1106,0
1107,0
1108,1
1109,0
1110,0
1111,0
1112,0
1113,1
1114,1
1115,0
1116,0
1117,0
1118,0
1119,0
1120,0
1121,0
1122,1
1123,1
1124,1
1125,0
1126,1
1127,1
1128,0
1129,0
1130,0
1131,0
1132,0
1133,1
1134,0
1135,1
1136,0
1137,1
1138,0
1139,0
1140,0
1141,0
1142,0
1143,0
1144,0
1145,0
1146,0
1147,1
1148,0
1149,1
1150,0
1151,1
1152,1
1153,0
1154,0
1155,0
1156,1
1157,0
1158,0
1159,1
1160,1
1161,1
1162,0
1163,0
1164,1
1165,0
1166,1
1167,0
1168,0
1169,0
1170,1
1171,0
1172,0
1173,0
1174,1
1175,1
1176,0
1177,1
1178,0
1179,0
1180,0
1181,0
1182,0
1183,0
1184,1
1185,1
1186,1
1187,1
1188,0
1189,1
1190,0
1191,1
1192,1
1193,0
1194,1
1195,1
1196,0
1197,1
1198,1
1199,0
1200,0
1201,0
1202,0
1203,0
1204,0
1205,0
1206,0
1207,0
1208,1
1209,0
1210,1
1211,0
1212,1
1213,0
1214,0
1215,0
1216,0
1217,1
1218,0
1219,0
1220,0
1221,1
1222,1
1223,0
1224,0
1225,1
1226,0
1227,0
1228,0
1229,0
1230,0
1231,1
1232,1
1233,1
1234,1
1235,0
1236,1
1237,0
1238,1
1239,0
1240,1
1241,1
1242,1
1243,1
1244,0
1245,0
1246,0
1247,0
1248,1
1249,0
1250,0
1251,1
1252,0
1253,0
1254,0
1255,0
1256,0
1257,0
1258,1
1259,0
1260,0
1261,1
1262,0
1263,0
1264,0
1265,0
1266,0
1267,0
1268,0
1269,0
1270,1
1271,0
1272,0
1273,1
1274,1
1275,0
1276,1
1277,0
1278,1
1279,0
1280,0
1281,0
1282,0
1283,0
1284,0
1285,0
1286,1
1287,0
1288,1
1289,1
1290,1
1291,0
1292,0
1293,0
1294,1
1295,0
1296,0
1297,0
1298,0
1299,1
1300,0
1301,0
1302,1
1303,0
1304,0
1305,0
1306,0
1307,1
1308,1
1309,0
1310,0
1311,1
1312,1
1313,0
1314,0
1315,0
1316,0
1317,0
1318,0
1319,0
1320,0
1321,0
1322,1
1323,0
1324,0
1325,0
1326,0
1327,1
1328,1
1329,0
1330,1
1331,0
1332,0
1333,1
1334,0
1335,0
1336,1
1337,1
1338,0
1339,0
1340,0
1341,0
1342,1
1343,1
1344,0
1345,1
1346,0
1347,0
1348,1
1349,1
1350,0
1351,1
1352,1
1353,0
1354,0
1355,0
1356,0
1357,1
1358,0
1359,0
1360,0
1361,0
1362,0
1363,0
1364,1
1365,1
1366,0
1367,0
1368,0
1369,0
1370,0
1371,1
1372,1
1373,0
1374,1
1375,0
1376,1
1377,1
1378,1
1379,0
1380,0
1381,0
1382,1
1383,0
1384,0
1385,0
1386,1
1387,0
1388,1
1389,0
1390,0
1391,1
1392,1
1393,1
1394,0
1395,0
1396,0
1397,1
1398,0
1399,0
1400,0
1401,0
1402,0
1403,0
1404,1
1405,0
1406,0
1407,0
1408,1
1409,0
1410,1
1411,0
1412,0
1413,0
1414,0
1415,0
